{
   "enterthecompetition": {
        "category": "master",
        "sounds": [
            {
                "name": "enterthecompetition",
                "stream": true
            }]
    },
    "rules": {
         "category": "master",
         "sounds": [
             {
                 "name": "rules",
                 "stream": true
             }]
     },
     "start": {
          "category": "master",
          "sounds": [
              {
                  "name": "start",
                  "stream": true
              }]
      },
      "magicwerever": {
           "category": "master",
           "sounds": [
               {
                   "name": "magicwerever",
                   "stream": true
               }]
       },
      "winner": {
           "category": "master",
           "sounds": [
               {
                   "name": "winner",
                   "stream": true
               }]
       }
}