{
   "parent": "minecraft:item/handheld",
   "textures": {
     "layer0": "minecraft:item/stick"
   },
   "overrides": [
      {"predicate": {"custom_model_data": 1}, "model": "item/fire_stick"},
      {"predicate": {"custom_model_data": 2}, "model": "item/water_stick"},
      {"predicate": {"custom_model_data": 3}, "model": "item/air_stick"},
      {"predicate": {"custom_model_data": 4}, "model": "item/earth_stick"},
      {"predicate": {"custom_model_data": 5}, "model": "item/family_wand"}
   ]
}